"","f_boxer","s_boxer","f_boxer_result","f_boxer_stance","f_boxer_age","f_boxer_height","f_boxer_reach","f_boxer_won","f_boxer_lost","f_boxer_drawn","f_boxer_KOs","f_boxer_ranking","s_boxer_ranking","s_boxer_age","s_boxer_stance","s_boxer_reach","s_boxer_height","s_boxer_won","s_boxer_lost","s_boxer_drawn","s_boxer_KOs","rounds","s_boxer_result","matchRounds","fightEnd"
"1","Kubrat Pulev","Danny Batchelder","won","orthodox",28,"194","202",6,0,0,4,11,NA,33,"orthodox","191","185cm",25,7,1,12,"Kubrat Pulev
    
      
      
    
                    
won TKO
        
round 2","lost","2","KO/TKO"
"2","Kubrat Pulev","Kevin Johnson","won","orthodox",35,"194","202",24,1,0,13,11,97,37,"orthodox","208","191cm",30,7,1,14,"Kubrat Pulev
    
      
      
    
                    
won UD
        
round 12","lost","2","UD"
"3","Kubrat Pulev","Tony Thompson","won","orthodox",32,"194","202",17,0,0,9,11,NA,41,"southpaw","207","196cm",38,3,0,26,"Kubrat Pulev
    
      
      
    
                    
won UD
        
round 12","lost","2","UD"
"4","Kubrat Pulev","Michael Sprott","won","orthodox",30,"194","202",14,0,0,6,11,NA,36,"orthodox","","187cm",36,17,0,17,"Kubrat Pulev
    
      
      
    
                    
won RTD
        
round 9","lost","9","RTD"
"5","Kubrat Pulev","Alexander Ustinov","won","orthodox",31,"194","202",16,0,0,8,11,83,35,"orthodox","","202cm",27,0,0,21,"Kubrat Pulev
    
      
      
    
                    
won KO
        
round 11","lost","1","KO/TKO"
"6","Kubrat Pulev","Gbenga Oluokun","won","orthodox",28,"194","202",2,0,0,2,11,NA,26,"orthodox","","185cm",17,2,0,10,"Kubrat Pulev
    
      
      
    
                    
won UD
        
round 6","lost","6","UD"
"7","Kubrat Pulev","George Arias","won","orthodox",34,"194","202",20,1,0,11,11,NA,41,"orthodox","","181cm",56,13,0,42,"Kubrat Pulev
    
      
      
    
                    
won UD
        
round 8","lost","8","UD"
"8","Kubrat Pulev","Maurice Harris","won","orthodox",34,"194","202",21,1,0,11,11,NA,39,"orthodox","203","193cm",26,20,3,11,"Kubrat Pulev
    
      
      
    
                    
won KO
        
round 1","lost","1","KO/TKO"
"9","Kubrat Pulev","Derric Rossy","won","orthodox",30,"194","202",11,0,0,5,11,NA,30,"orthodox","194","191cm",25,3,0,14,"Kubrat Pulev
    
      
      
    
                    
won TKO
        
round 5","lost","5","KO/TKO"
"10","Kubrat Pulev","Ivica Perkovic","won","orthodox",32,"194","202",19,0,0,10,11,NA,39,"orthodox","193","193cm",20,23,0,15,"Kubrat Pulev
    
      
      
    
                    
won RTD
        
round 3","lost","3","RTD"
"11","Kubrat Pulev","Evgeny Orlov","won","orthodox",28,"194","202",7,0,0,5,11,NA,31,"orthodox","","207cm",11,6,1,8,"Kubrat Pulev
    
      
      
    
                    
won DQ
        
round 7","lost","7","DQ"
"12","Kubrat Pulev","Isossa Mondo","won","orthodox",28,"194","202",5,0,0,3,11,383,30,"orthodox","","",3,2,0,2,"Kubrat Pulev
    
      
      
    
                    
won RTD
        
round 3","lost","3","RTD"
"13","Kubrat Pulev","Matt Skelton","won","orthodox",28,"194","202",4,0,0,2,11,NA,43,"orthodox","","191cm",22,4,0,19,"Kubrat Pulev
    
      
      
    
                    
won KO
        
round 4","lost","4","KO/TKO"
"14","Kubrat Pulev","Bogdan Dinu","won","orthodox",37,"194","202",26,1,0,13,11,114,32,"orthodox","","196cm",18,1,0,14,"Kubrat Pulev
    
      
      
    
                    
won KO
        
round 7","lost","7","KO/TKO"
"15","Kubrat Pulev","Florian Benche","won","orthodox",28,"194","202",0,0,0,0,11,NA,27,"southpaw","","190cm",2,3,0,0,"Kubrat Pulev
    
      
      
    
                    
won TKO
        
round 2","lost","2","KO/TKO"
"16","Alexander Dimitrenko","Kubrat Pulev","lost","orthodox",29,"201","208",32,1,0,21,56,11,31,"orthodox","202","194cm",15,0,0,7,"Alexander Dimitrenko","won","","Unknown"
"17","Kubrat Pulev","Zack Page","won","orthodox",28,"194","202",3,0,0,2,11,NA,36,"orthodox","","183cm",19,25,2,7,"Kubrat Pulev
    
      
      
    
                    
won UD
        
round 6","lost","6","UD"
"18","Kubrat Pulev","Paolo Vidoz","won","orthodox",29,"194","202",9,0,0,5,11,NA,40,"orthodox","","191cm",26,9,0,15,"Kubrat Pulev
    
      
      
    
                    
won UD
        
round 8","lost","8","UD"
"19","Wladimir Klitschko","Kubrat Pulev","won","orthodox",38,"198","206",62,3,0,52,NA,11,33,"orthodox","202","194cm",20,0,0,11,"Wladimir Klitschko
    
      
      
    
                    
won KO
        
round 5","lost","5","KO/TKO"
"20","Kubrat Pulev","Maksym Pedyura","won","orthodox",30,"194","202",12,0,0,6,11,635,33,"orthodox","196","194cm",13,1,1,11,"Kubrat Pulev
    
      
      
    
                    
won UD
        
round 8","lost","8","UD"
"21","Kubrat Pulev","Joey Abell","won","orthodox",32,"194","202",18,0,0,9,11,131,32,"southpaw","193","193cm",29,6,0,28,"Kubrat Pulev
    
      
      
    
                    
won RTD
        
round 4","lost","4","RTD"
"22","Kubrat Pulev","Travis Walker","won","orthodox",30,"194","202",13,0,0,6,11,NA,32,"orthodox","208","194cm",38,6,1,30,"Kubrat Pulev
    
      
      
    
                    
won UD
        
round 12","lost","2","UD"
"23","Kubrat Pulev","Yaroslav Zavorotnyi","won","orthodox",29,"194","202",10,0,0,5,11,NA,36,"orthodox","191","193cm",14,5,0,12,"Kubrat Pulev
    
      
      
    
                    
won UD
        
round 8","lost","8","UD"
"24","Dereck Chisora","Kubrat Pulev","lost","orthodox",32,"187","188",25,5,0,17,9,11,35,"orthodox","202","194cm",22,1,0,12,"Dereck Chisora","won","","Unknown"
"25","Kubrat Pulev","Samuel Peter","won","orthodox",35,"194","202",23,1,0,12,11,184,36,"orthodox","196","188cm",36,5,0,29,"Kubrat Pulev
    
      
      
    
                    
won RTD
        
round 3","lost","3","RTD"
"26","Kubrat Pulev","Dominick Guinn","won","orthodox",29,"194","202",8,0,0,5,11,209,35,"orthodox","198","188cm",33,6,1,22,"Kubrat Pulev
    
      
      
    
                    
won UD
        
round 8","lost","8","UD"
"27","Kubrat Pulev","Hughie Fury","won","orthodox",37,"194","202",25,1,0,13,11,26,24,"orthodox","203","198cm",21,1,0,11,"Kubrat Pulev
    
      
      
    
                    
won UD
        
round 12","lost","2","UD"
"28","Kubrat Pulev","Rydell Booker","won","orthodox",38,"194","202",27,1,0,14,11,160,38,"orthodox","201","191cm",26,2,0,13,"Kubrat Pulev
    
      
      
    
                    
won UD
        
round 10","lost","0","UD"
"29","Kubrat Pulev","Serdar Uysal","won","orthodox",28,"194","202",1,0,0,1,11,NA,38,"southpaw","","",9,8,2,4,"Kubrat Pulev
    
      
      
    
                    
won TKO
        
round 4","lost","4","KO/TKO"
"30","Tyson Fury","John McDermott","won","orthodox",21,"206","216",10,0,0,8,1,NA,30,"orthodox","","191cm",25,6,0,16,"Tyson Fury
    
      
      
    
                    
won TKO
        
round 9","lost","9","KO/TKO"
"31","Tyson Fury","Rich Power","won","orthodox",22,"206","216",11,0,0,9,1,NA,30,"","","",12,0,0,9,"Tyson Fury
    
      
      
    
                    
won PTS
        
round 8","lost","8","Unknown"
"32","Tyson Fury","Scott Belshaw","won","orthodox",20,"206","216",5,0,0,5,1,NA,23,"orthodox","","201cm",10,1,0,7,"Tyson Fury
    
      
      
    
                    
won TKO
        
round 2","lost","2","KO/TKO"
"33","Tyson Fury","Hans-Joerg Blasko","won","orthodox",21,"206","216",9,0,0,7,1,NA,36,"orthodox","","195cm",9,3,0,6,"Tyson Fury
    
      
      
    
                    
won TKO
        
round 1","lost","1","KO/TKO"
"34","Tyson Fury","Steve Cunningham","won","orthodox",24,"206","216",20,0,0,14,1,NA,36,"orthodox","208","190cm",25,5,0,12,"Tyson Fury
    
      
      
    
                    
won KO
        
round 7","lost","7","KO/TKO"
"35","Tyson Fury","Christian Hammer","won","orthodox",26,"206","216",23,0,0,17,1,44,27,"orthodox","198","189cm",17,3,0,10,"Tyson Fury
    
      
      
    
                    
won RTD
        
round 8","lost","8","RTD"
"36","Tyson Fury","Neven Pajkic","won","orthodox",23,"206","216",16,0,0,11,1,NA,34,"orthodox","","191cm",16,0,0,5,"Tyson Fury
    
      
      
    
                    
won TKO
        
round 3","lost","3","KO/TKO"
"37","Dereck Chisora","Tyson Fury","lost","orthodox",30,"187","188",20,4,0,13,9,1,26,"orthodox","216","206cm",22,0,0,16,"Dereck Chisora","won","","Unknown"
"38","Wladimir Klitschko","Tyson Fury","lost","orthodox",39,"198","206",64,3,0,53,NA,1,27,"orthodox","216","206cm",24,0,0,18,"Wladimir Klitschko","won","","Unknown"
"39","Tyson Fury","Mathew Ellis","won","orthodox",20,"206","216",4,0,0,4,1,NA,35,"orthodox","","182cm",20,6,1,9,"Tyson Fury
    
      
      
    
                    
won KO
        
round 1","lost","1","KO/TKO"
"40","Tyson Fury","Otto Wallin","won","orthodox",31,"206","216",28,0,1,20,1,48,28,"southpaw","198","197cm",20,0,0,13,"Tyson Fury
    
      
      
    
                    
won UD
        
round 12","lost","2","UD"
"41","Tyson Fury","Bela Gyongyosi","won","orthodox",20,"206","216",0,0,0,0,1,NA,22,"southpaw","","192cm",3,9,2,1,"Tyson Fury
    
      
      
    
                    
won TKO
        
round 1","lost","1","KO/TKO"
"42","Tyson Fury","Tomas Mrazek","won","orthodox",21,"206","216",8,0,0,7,1,654,28,"southpaw","","",4,22,5,3,"Tyson Fury
    
      
      
    
                    
won PTS
        
round 6","lost","6","Unknown"
"43","Tyson Fury","Sefer Seferi","won","orthodox",29,"206","216",25,0,0,18,1,65,39,"orthodox","","",23,1,0,21,"Tyson Fury
    
      
      
    
                    
won RTD
        
round 4","lost","4","RTD"
"44","Tyson Fury","Marcelo Nascimento","won","orthodox",22,"206","216",13,0,0,9,1,238,30,"orthodox","","196cm",13,0,0,11,"Tyson Fury
    
      
      
    
                    
won KO
        
round 5","lost","5","KO/TKO"
"45","Tyson Fury","Kevin Johnson","won","orthodox",24,"206","216",19,0,0,14,1,97,33,"orthodox","208","191cm",28,2,1,13,"Tyson Fury
    
      
      
    
                    
won UD
        
round 12","lost","2","UD"
"46","Tyson Fury","Nicolai Firtha","won","orthodox",23,"206","216",15,0,0,10,1,NA,32,"orthodox","","198cm",20,8,1,8,"Tyson Fury
    
      
      
    
                    
won TKO
        
round 5","lost","5","KO/TKO"
"47","Tyson Fury","Tom Schwarz","won","orthodox",30,"206","216",27,0,1,19,1,34,25,"orthodox","","197cm",24,0,0,16,"Tyson Fury
    
      
      
    
                    
won TKO
        
round 2","lost","2","KO/TKO"
"48","Tyson Fury","Francesco Pianeta","won","orthodox",30,"206","216",26,0,0,19,1,NA,33,"southpaw","203","196cm",35,4,1,21,"Tyson Fury
    
      
      
    
                    
won PTS
        
round 10","lost","0","Unknown"
"49","Tyson Fury","Daniil Peretyatko","won","orthodox",20,"206","216",2,0,0,2,1,NA,35,"orthodox","","183cm",15,20,0,6,"Tyson Fury
    
      
      
    
                    
won RTD
        
round 2","lost","2","RTD"
"50","Tyson Fury","Lee Swaby","won","orthodox",20,"206","216",3,0,0,3,1,NA,32,"southpaw","","188cm",23,22,2,11,"Tyson Fury
    
      
      
    
                    
won RTD
        
round 4","lost","4","RTD"
"51","Tyson Fury","Joey Abell","won","orthodox",25,"206","216",21,0,0,15,1,131,32,"southpaw","193","193cm",29,7,0,28,"Tyson Fury
    
      
      
    
                    
won TKO
        
round 4","lost","4","KO/TKO"
"52","Tyson Fury","Marcel Zeller","won","orthodox",20,"206","216",1,0,0,1,1,NA,35,"orthodox","","185cm",21,3,0,20,"Tyson Fury
    
      
      
    
                    
won TKO
        
round 3","lost","3","KO/TKO"
"53","Tyson Fury","Martin Rogan","won","orthodox",23,"206","216",17,0,0,12,1,NA,40,"orthodox","","191cm",14,2,0,7,"Tyson Fury
    
      
      
    
                    
won TKO
        
round 5","lost","5","KO/TKO"
"54","John McDermott","Tyson Fury","lost","orthodox",29,"191","",25,5,0,16,NA,1,21,"orthodox","216","206cm",7,0,0,7,"John McDermott","won","","Unknown"
"55","Dereck Chisora","Tyson Fury","lost","orthodox",27,"187","188",14,0,0,9,9,1,22,"orthodox","216","206cm",14,0,0,10,"Dereck Chisora","won","","Unknown"
"56","Tyson Fury","Aleksandrs Selezens","won","orthodox",20,"206","216",6,0,0,6,1,NA,29,"orthodox","","188cm",3,6,0,1,"Tyson Fury
    
      
      
    
                    
won TKO
        
round 3","lost","3","KO/TKO"
"57","Tyson Fury","Zack Page","won","orthodox",22,"206","216",12,0,0,9,1,NA,37,"orthodox","","183cm",21,32,2,7,"Tyson Fury
    
      
      
    
                    
won UD
        
round 8","lost","8","UD"
"58","Deontay Wilder","Tyson Fury","lost","orthodox",33,"201","211",40,0,0,39,2,1,30,"orthodox","216","206cm",27,0,0,19,"Deontay Wilder
    
      
      
    
                    
drawn SD","won","","Unknown"
"59","Tyson Fury","Vinny Maddalone","won","orthodox",23,"206","216",18,0,0,13,1,NA,38,"orthodox","","188cm",35,7,0,26,"Tyson Fury
    
      
      
    
                    
won TKO
        
round 5","lost","5","KO/TKO"
"60","Wladimir Klitschko","James Pritchard","won","6′ 6″   /   198cm",NA,"206","",11,0,0,NA,NA,NA,NA,"6′ 0″   /   183cm","","188cm",30,16,2,NA,"Wladimir Klitschko
    
      
      
    
                    
won TKO
        
round 3","lost","3","KO/TKO"
"61","Wladimir Klitschko","David Haye","won","orthodox",35,"198","206",55,3,0,48,NA,NA,30,"orthodox","198","191cm",25,1,0,23,"Wladimir Klitschko
    
      
      
    
                    
won UD
        
round 12","lost","2","UD"
"62","Wladimir Klitschko","Jameel McCline","won","orthodox",26,"198","206",39,1,0,35,NA,NA,32,"orthodox","208","198cm",28,2,3,16,"Wladimir Klitschko
    
      
      
    
                    
won RTD
        
round 10","lost","0","RTD"
"63","Wladimir Klitschko","Alexander Povetkin","won","orthodox",37,"198","206",60,3,0,51,NA,4,34,"orthodox","191","188cm",26,0,0,18,"Wladimir Klitschko
    
      
      
    
                    
won UD
        
round 12","lost","2","UD"
"64","Wladimir Klitschko","Francesco Pianeta","won","orthodox",37,"198","206",59,3,0,50,NA,NA,28,"southpaw","203","196cm",28,0,1,15,"Wladimir Klitschko
    
      
      
    
                    
won TKO
        
round 6","lost","6","KO/TKO"
"65","Wladimir Klitschko","Bryant Jennings","won","orthodox",39,"198","206",63,3,0,53,NA,23,30,"orthodox","213","191cm",19,0,0,10,"Wladimir Klitschko
    
      
      
    
                    
won UD
        
round 12","lost","2","UD"
"66","Wladimir Klitschko","Monte Barrett","won","orthodox",24,"198","206",33,1,0,30,NA,NA,29,"orthodox","198","191cm",23,1,0,14,"Wladimir Klitschko
    
      
      
    
                    
won TKO
        
round 7","lost","7","KO/TKO"
"67","Wladimir Klitschko","Carlos Monroe","won","orthodox",22,"198","206",20,0,0,17,NA,NA,33,"orthodox","204","198cm",11,6,0,7,"Wladimir Klitschko
    
      
      
    
                    
won TKO
        
round 6","lost","6","KO/TKO"
"68","Wladimir Klitschko","Sultan Ibragimov","won","orthodox",31,"198","206",49,3,0,43,NA,NA,32,"southpaw","193","188cm",22,0,1,17,"Wladimir Klitschko
    
      
      
    
                    
won UD
        
round 12","lost","2","UD"
"69","Wladimir Klitschko","Jean Marc Mormeck","won","orthodox",35,"198","206",56,3,0,48,NA,NA,39,"orthodox","188","181cm",36,4,0,22,"Wladimir Klitschko
    
      
      
    
                    
won KO
        
round 4","lost","4","KO/TKO"
"70","Wladimir Klitschko","Biko Botowamungu","won","orthodox",21,"198","206",10,0,0,9,NA,NA,40,"orthodox","193","190cm",9,5,1,9,"Wladimir Klitschko
    
      
      
    
                    
won DQ
        
round 4","lost","4","DQ"
"71","Wladimir Klitschko","Carlos Monroe","won","orthodox",20,"198","206",4,0,0,4,NA,NA,32,"orthodox","204","198cm",8,2,0,5,"Wladimir Klitschko
    
      
      
    
                    
won DQ
        
round 6","lost","6","DQ"
"72","Wladimir Klitschko","Tyson Fury","lost","orthodox",39,"198","206",64,3,0,53,NA,1,27,"orthodox","216","206cm",24,0,0,18,"Wladimir Klitschko","won","","Unknown"
"73","Wladimir Klitschko","Jerry Halstead","won","6′ 6″   /   198cm",NA,"206","",13,0,0,NA,NA,NA,NA,"6′ 1″   /   185cm","","188cm",85,18,1,NA,"Wladimir Klitschko
    
      
      
    
                    
won TKO
        
round 2","lost","2","KO/TKO"
"74","Wladimir Klitschko","Kubrat Pulev","won","orthodox",38,"198","206",62,3,0,52,NA,11,33,"orthodox","202","194cm",20,0,0,11,"Wladimir Klitschko
    
      
      
    
                    
won KO
        
round 5","lost","5","KO/TKO"
"75","Wladimir Klitschko","Ray Mercer","won","orthodox",26,"198","206",38,1,0,34,NA,NA,41,"orthodox","196","185cm",30,4,1,22,"Wladimir Klitschko
    
      
      
    
                    
won TKO
        
round 6","lost","6","KO/TKO"
"76","Wladimir Klitschko","Samuel Peter","won","orthodox",29,"198","206",44,3,0,39,NA,184,25,"orthodox","196","188cm",24,0,0,21,"Wladimir Klitschko
    
      
      
    
                    
won UD
        
round 12","lost","2","UD"
"77","Wladimir Klitschko","Najee Shaheed","won","orthodox",22,"198","206",19,0,0,16,NA,NA,30,"southpaw","188","184cm",16,0,1,8,"Wladimir Klitschko
    
      
      
    
                    
won KO
        
round 1","lost","1","KO/TKO"
"78","Wladimir Klitschko","Tony Thompson","won","orthodox",32,"198","206",50,3,0,43,NA,NA,36,"southpaw","207","196cm",31,1,0,19,"Wladimir Klitschko
    
      
      
    
                    
won KO
        
round 11","lost","1","KO/TKO"
"79","Chris Byrd","Wladimir Klitschko","lost","southpaw",35,"188","188",39,2,1,20,NA,NA,30,"orthodox","206","198cm",45,3,0,39,"Chris Byrd","won","","Unknown"
"80","Wladimir Klitschko","Axel Schulz","won","orthodox",23,"198","206",28,1,0,25,NA,NA,30,"orthodox","193","191cm",26,3,1,11,"Wladimir Klitschko
    
      
      
    
                    
won TKO
        
round 8","lost","8","KO/TKO"
"81","Wladimir Klitschko","Marcus McIntyre","won","orthodox",21,"198","206",16,0,0,14,NA,NA,28,"orthodox","196","193cm",15,1,0,8,"Wladimir Klitschko
    
      
      
    
                    
won KO
        
round 3","lost","3","KO/TKO"
"82","Wladimir Klitschko","Gilberto Williamson","won","6′ 6″   /   198cm",NA,"206","",9,0,0,NA,NA,NA,NA,"6′ 3″   /   190cm","","188cm",4,2,3,NA,"Wladimir Klitschko
    
      
      
    
                    
won TKO
        
round 3","lost","3","KO/TKO"
"83","Wladimir Klitschko","Calvin Brock","won","orthodox",30,"198","206",46,3,0,40,NA,NA,31,"orthodox","196","188cm",29,0,0,22,"Wladimir Klitschko
    
      
      
    
                    
won TKO
        
round 7","lost","7","KO/TKO"
"84","Wladimir Klitschko","Eli Dixon","won","orthodox",22,"198","206",22,0,0,19,NA,NA,32,"orthodox","201","188cm",21,4,1,14,"Wladimir Klitschko
    
      
      
    
                    
won TKO
        
round 3","lost","3","KO/TKO"
"85","Wladimir Klitschko","Exum Speight","won","6′ 6″   /   198cm",NA,"206","",1,0,0,NA,NA,NA,NA,"6′ 0″   /   183cm","","180cm",8,30,2,NA,"Wladimir Klitschko
    
      
      
    
                    
won TKO
        
round 2","lost","2","KO/TKO"
"86","Wladimir Klitschko","Salvador Maciel","won","6′ 6″   /   198cm",NA,"206","",8,0,0,NA,NA,NA,NA,"6′ 2″   /   188cm","","183cm",21,11,0,NA,"Wladimir Klitschko
    
      
      
    
                    
won KO
        
round 1","lost","1","KO/TKO"
"87","Wladimir Klitschko","Ross Puritty","lost","orthodox",22,"198","206",24,0,0,21,NA,NA,31,"orthodox","203","191cm",24,13,1,21,"Wladimir Klitschko","won","","Unknown"
"88","Wladimir Klitschko","Mark Young","won","6′ 6″   /   198cm",NA,"206","",5,0,0,NA,NA,NA,NA,"6′ 1″   /   185cm","","183cm",15,33,1,NA,"Wladimir Klitschko
    
      
      
    
                    
won RTD
        
round 2","lost","2","RTD"
"89","Wladimir Klitschko","Derrick Jefferson","won","orthodox",24,"198","206",35,1,0,31,NA,NA,33,"orthodox","208","198cm",23,2,1,19,"Wladimir Klitschko
    
      
      
    
                    
won TKO
        
round 2","lost","2","KO/TKO"
"90","Wladimir Klitschko","Eliseo Castillo","won","orthodox",29,"198","206",43,3,0,38,NA,NA,29,"orthodox","","188cm",18,0,1,14,"Wladimir Klitschko
    
      
      
    
                    
won TKO
        
round 4","lost","4","KO/TKO"
"91","Wladimir Klitschko","Eddie Chambers","won","orthodox",33,"198","206",53,3,0,46,NA,NA,27,"orthodox","191","185cm",35,1,0,18,"Wladimir Klitschko
    
      
      
    
                    
won KO
        
round 12","lost","2","KO/TKO"
"92","Wladimir Klitschko","Derrick Lampkins","won","6′ 6″   /   198cm",NA,"206","",15,0,0,NA,NA,NA,NA,"6′ 5″   /   196cm","","198cm",9,3,1,NA,"Wladimir Klitschko
    
      
      
    
                    
won TKO
        
round 1","lost","1","KO/TKO"
"93","Wladimir Klitschko","Frans Botha","won","orthodox",25,"198","206",37,1,0,33,NA,NA,33,"orthodox","188","188cm",44,3,1,28,"Wladimir Klitschko
    
      
      
    
                    
won TKO
        
round 8","lost","8","KO/TKO"
"94","Wladimir Klitschko","Donnell Wingfield","won","6′ 6″   /   198cm",NA,"206","",23,0,0,NA,NA,NA,NA,"6′ 1″   /   185cm","","185cm",29,9,1,NA,"Wladimir Klitschko
    
      
      
    
                    
won KO
        
round 1","lost","1","KO/TKO"
"95","Wladimir Klitschko","Phil Jackson","won","orthodox",23,"198","206",29,1,0,26,NA,NA,35,"orthodox","201","185cm",43,8,0,39,"Wladimir Klitschko
    
      
      
    
                    
won KO
        
round 2","lost","2","KO/TKO"
"96","Wladimir Klitschko","Ladislav Husarik","won","6′ 6″   /   198cm",NA,"206","",14,0,0,NA,NA,NA,NA,"","","",4,13,1,NA,"Wladimir Klitschko
    
      
      
    
                    
won TKO
        
round 3","lost","3","KO/TKO"
"97","Wladimir Klitschko","Alex Leapai","won","orthodox",38,"198","206",61,3,0,51,NA,132,34,"orthodox","190","183cm",30,4,3,24,"Wladimir Klitschko
    
      
      
    
                    
won TKO
        
round 5","lost","5","KO/TKO"
"98","Wladimir Klitschko","Mariusz Wach","won","orthodox",36,"198","206",58,3,0,50,NA,39,32,"orthodox","208","202cm",27,0,0,15,"Wladimir Klitschko
    
      
      
    
                    
won UD
        
round 12","lost","2","UD"
"99","Paea Wolfgramm","Wladimir Klitschko","lost","orthodox",30,"194","202",18,1,0,13,NA,NA,23,"orthodox","206","198cm",31,1,0,28,"Paea Wolfgramm","won","","Unknown"
"100","Wladimir Klitschko","Everett Martin","won","orthodox",23,"198","206",25,1,0,22,NA,NA,34,"orthodox","183","182cm",20,29,1,9,"Wladimir Klitschko
    
      
      
    
                    
won TKO
        
round 8","lost","8","KO/TKO"
"101","Wladimir Klitschko","Tony Thompson","won","orthodox",36,"198","206",57,3,0,49,NA,NA,40,"southpaw","207","196cm",36,2,0,24,"Wladimir Klitschko
    
      
      
    
                    
won TKO
        
round 6","lost","6","KO/TKO"
"102","Wladimir Klitschko","Steve Pannell","won","orthodox",22,"198","206",21,0,0,18,NA,NA,31,"orthodox","193","193cm",33,4,0,27,"Wladimir Klitschko
    
      
      
    
                    
won KO
        
round 2","lost","2","KO/TKO"
"103","Wladimir Klitschko","Fabian Meza","won","orthodox",20,"198","206",0,0,0,0,NA,NA,27,"orthodox","188","187cm",4,1,1,1,"Wladimir Klitschko
    
      
      
    
                    
won KO
        
round 1","lost","1","KO/TKO"
"104","Lamon Brewster","Wladimir Klitschko","won","orthodox",30,"188","196",29,2,0,26,NA,NA,28,"orthodox","206","198cm",42,2,0,38,"Lamon Brewster
    
      
      
    
                    
won TKO
        
round 5","lost","5","KO/TKO"
"105","Wladimir Klitschko","Marcos Gonzalez","won","6′ 6″   /   198cm",NA,"206","",12,0,0,NA,NA,NA,NA,"6′ 1″   /   185cm","","188cm",18,11,1,NA,"Wladimir Klitschko
    
      
      
    
                    
won KO
        
round 2","lost","2","KO/TKO"
"106","Wladimir Klitschko","Troy Weida","won","orthodox",20,"198","206",3,0,0,3,NA,NA,24,"orthodox","191","191cm",6,1,1,6,"Wladimir Klitschko
    
      
      
    
                    
won TKO
        
round 3","lost","3","KO/TKO"
"107","Wladimir Klitschko","Lajos Eros","won","orthodox",23,"198","206",30,1,0,27,NA,NA,35,"orthodox","188","187cm",21,8,1,11,"Wladimir Klitschko
    
      
      
    
                    
won KO
        
round 2","lost","2","KO/TKO"
"108","Corrie Sanders","Wladimir Klitschko","won","southpaw",37,"193","196",38,2,0,28,NA,NA,26,"orthodox","206","198cm",40,1,0,36,"Corrie Sanders
    
      
      
    
                    
won TKO
        
round 2","lost","2","KO/TKO"
"109","Wladimir Klitschko","Bill Corrigan","won","orthodox",20,"198","206",2,0,0,2,NA,NA,33,"orthodox","193","193cm",10,12,1,7,"Wladimir Klitschko
    
      
      
    
                    
won TKO
        
round 1","lost","1","KO/TKO"
"110","Wladimir Klitschko","Fabio Eduardo Moli","won","orthodox",27,"198","206",40,2,0,36,NA,NA,34,"orthodox","","194cm",29,2,0,17,"Wladimir Klitschko
    
      
      
    
                    
won KO
        
round 1","lost","1","KO/TKO"
"111","Wladimir Klitschko","DaVarryl Williamson","won","orthodox",28,"198","206",42,3,0,38,NA,NA,36,"orthodox","203","193cm",20,2,0,17,"Wladimir Klitschko
    
      
      
    
                    
won TD
        
round 5","lost","5","Unknown"
"112","Wladimir Klitschko","Danell Nicholson","won","orthodox",27,"198","206",41,2,0,37,NA,NA,36,"orthodox","203","193cm",42,4,0,32,"Wladimir Klitschko
    
      
      
    
                    
won TKO
        
round 4","lost","4","KO/TKO"
"113","Wladimir Klitschko","Tony LaRosa","won","orthodox",23,"198","206",26,1,0,23,NA,NA,31,"orthodox","183","178cm",31,15,0,18,"Wladimir Klitschko
    
      
      
    
                    
won TKO
        
round 1","lost","1","KO/TKO"
"114","Wladimir Klitschko","Cody Koch","won","orthodox",22,"198","206",18,0,0,15,NA,NA,25,"southpaw","188","188cm",25,1,0,21,"Wladimir Klitschko
    
      
      
    
                    
won KO
        
round 4","lost","4","KO/TKO"
"115","Wladimir Klitschko","Ray Austin","won","orthodox",30,"198","206",47,3,0,41,NA,275,36,"orthodox","203","198cm",24,3,4,16,"Wladimir Klitschko
    
      
      
    
                    
won KO
        
round 2","lost","2","KO/TKO"
"116","Wladimir Klitschko","Lamon Brewster","won","orthodox",31,"198","206",48,3,0,42,NA,NA,34,"orthodox","196","188cm",33,3,0,29,"Wladimir Klitschko
    
      
      
    
                    
won RTD
        
round 6","lost","6","RTD"
"117","Wladimir Klitschko","David Bostice","won","orthodox",24,"198","206",32,1,0,29,NA,NA,28,"orthodox","193","196cm",22,1,1,12,"Wladimir Klitschko
    
      
      
    
                    
won TKO
        
round 2","lost","2","KO/TKO"
"118","Wladimir Klitschko","Samuel Peter","won","orthodox",34,"198","206",54,3,0,47,NA,184,30,"orthodox","196","188cm",34,3,0,27,"Wladimir Klitschko
    
      
      
    
                    
won KO
        
round 10","lost","0","KO/TKO"
"119","Wladimir Klitschko","Chris Byrd","won","orthodox",24,"198","206",34,1,0,31,NA,NA,30,"southpaw","188","188cm",31,1,0,19,"Wladimir Klitschko
    
      
      
    
                    
won UD
        
round 12","lost","2","UD"
"120","Wladimir Klitschko","Charles Shufford","won","orthodox",25,"198","206",36,1,0,32,NA,NA,28,"orthodox","203","191cm",17,1,0,9,"Wladimir Klitschko
    
      
      
    
                    
won TKO
        
round 6","lost","6","KO/TKO"
"121","Wladimir Klitschko","Mark Wills","won","orthodox",21,"198","206",6,0,0,5,NA,NA,36,"orthodox","188","185cm",14,17,1,9,"Wladimir Klitschko
    
      
      
    
                    
won KO
        
round 1","lost","1","KO/TKO"
"122","Wladimir Klitschko","Hasim Rahman","won","orthodox",32,"198","206",51,3,0,44,NA,NA,36,"orthodox","208","189cm",45,6,2,36,"Wladimir Klitschko
    
      
      
    
                    
won TKO
        
round 7","lost","7","KO/TKO"
"123","Wladimir Klitschko","Zoran Vujicic","won","orthodox",22,"198","206",24,1,0,21,NA,NA,37,"orthodox","198","193cm",14,0,0,6,"Wladimir Klitschko
    
      
      
    
                    
won KO
        
round 1","lost","1","KO/TKO"
"124","Wladimir Klitschko","Paul Ashley","won","6′ 6″   /   198cm",NA,"206","",7,0,0,NA,NA,NA,NA,"6′ 0″   /   183cm","","183cm",4,2,1,NA,"Wladimir Klitschko
    
      
      
    
                    
won KO
        
round 2","lost","2","KO/TKO"
"125","Wladimir Klitschko","Everett Martin","won","6′ 6″   /   198cm",NA,"206","",17,0,0,NA,NA,NA,NA,"5′ 11½″   /   182cm","","183cm",20,21,1,NA,"Wladimir Klitschko
    
      
      
    
                    
won UD
        
round 8","lost","8","UD"
"126","Wladimir Klitschko","Joseph Chingangu","won","orthodox",23,"198","206",27,1,0,24,NA,NA,32,"southpaw","198","192cm",18,4,0,13,"Wladimir Klitschko
    
      
      
    
                    
won RTD
        
round 4","lost","4","RTD"
"127","Wladimir Klitschko","Ruslan Chagaev","won","orthodox",33,"198","206",52,3,0,45,NA,NA,30,"southpaw","188","185cm",25,0,1,17,"Wladimir Klitschko
    
      
      
    
                    
won RTD
        
round 9","lost","9","RTD"
